metrica,valor
densidade,0.0012186105101733439
clustering_media,0.006783724459234743
assortatividade,-0.1668371799301715
modularidade,0.4535213435735344
n_comunidades,78.0
