metrica,valor
densidade,0.011045515139973339
clustering_media,0.007060909172211144
assortatividade,-0.2598275345474182
modularidade,0.6627610429413542
n_comunidades,33.0
