colaborador,betweenness,degree,pagerank,grupo_comunidade,comunidades_conectadas
dhh,0.544953952018101,800,0.09174095557025805,1,35
ryanrhughes,0.2871080006559334,349,0.030575377882824238,2,28
dharmavagabond,0.045227931052527946,73,0.00562974621522354,5,15
abenz1267,0.0418841972812008,126,0.01592229407151466,3,19
Luquatic,0.036419331976844146,49,0.00559515187678418,4,9
