metrica,valor
densidade,0.0012101722392697043
clustering_media,0.00823788175072266
assortatividade,-0.14834968475248744
modularidade,0.5201624188066739
n_comunidades,76.0
