metrica,valor
densidade,0.001217160897206155
clustering_media,0.008273779629998184
assortatividade,-0.14837621377867377
modularidade,0.5131710625899386
n_comunidades,77.0
