metrica,valor
densidade,0.0013023966686245743
clustering_media,0.007031033028155887
assortatividade,-0.1709912076583981
modularidade,0.454808444611903
n_comunidades,71.0
