metrica,valor
densidade,0.00205686630369026
clustering_media,0.006180306078319156
assortatividade,-0.8046987113774374
modularidade,0.24031276731805762
n_comunidades,2.0
