metrica,valor
densidade,0.00205449056851863
clustering_media,0.006938120436880054
assortatividade,-0.8047679922350822
modularidade,0.22276942043007403
n_comunidades,2.0
